{
  "min_lat": -38.36406182106513,
  "min_lon": 149.02310234476715,
  "max_lat": -38.32718232495766,
  "max_lon": 149.06444936796382
}