{
  "min_lat": -36.67927275587411,
  "min_lon": 144.29764376492872,
  "max_lat": -36.672055647720306,
  "max_lon": 144.30423790830608
}